商品ID,商品名,ブランド,カテゴリ,価格,定価,在庫,販売開始日,初回検出日,キャッチコピー,詳細,商品情報,掲載中,URL
8438633,韓国ナチュラルマッコリ OLKE（オルケ）12度 750ml（カンソング酒造）別格プレミアム生マッコリ,,梅酒・果実酒,8800,8800,True,2026-07-05,2026-07-09,振らずに一杯、振ってもう一杯。一本で、二つの表情。,ソウル・望遠洞（マンウォンドン）で10年間、無甘味料マッコリだけを紹介し続けた伝説の店「福徳房（ポクトクバン）」。その店主カン・ソングが全国の蔵を巡り抜いた末に、自ら醸造家として立ち上げたのが「カンソング酒造」です。 その第一号作品がこの「OLKE（オルケ）」。 ラベルに描かれているのは、韓国の国宝・河回仮面（ハフェタル）。 見る角度によって喜びにも悲しみにも見える、800年の歴史を持つ伝統仮面です。 一本の酒に二つの顔を宿すこの酒に、これ以上ないモチーフと言えるでしょう。  まず振らずに上澄みを一杯。 土壌を思わせる深い香り、爽やかな果実のニュアンス、鋭くも滑らかな喉越し。 次に瓶を優しく振ってもう一杯。 重厚な麹の風味とタンニンのようなドライ感が加わり、まるで別の酒に変わります。 温度が上がるほどに複雑さが増す、時間とともに育つ一本です。 4〜8℃に十分冷やしてからお楽しみください。  刺身・熟成魚、牡蠣や貝類、茹で肉（スユク）、季節の野菜料理、チーズ、淡白な和食や発酵食。  「物語を知って飲めば、酒はもっとおいしくなる」。 10年間その信念で店を営み、やがて理想の一杯を自ら醸すために設立した醸造場です。 韓国産もち米とうるち米を伝統製法の天然麹のみで仕込み、人工甘味料・香料・添加物は一切不使用。 すべて小規模バッチ、100%手作業で醸しています。,【商品情報】 ・品目: その他の醸造酒 ・品名: OLKE（オルケ）生マッコリ ・原材料名: もち米（韓国産）、うるち米（韓国産）、麹（小麦） ・内容量: 750ml ・アルコール分: 12% ・賞味期限: ラベル枠内に記載 (製造日より150日) ・保存方法: 10℃以下で冷蔵保管してください。 ・原産国名: 韓国 【ご注意】 ※本製品は小麦を含みます。アレルギーをお持ちの方はご注意ください ※開栓後はお早めにお召し上がりください ※原料由来の成分が沈殿することがありますが、品質には問題ありません ※必ず立てた状態で冷蔵保管し、直射日光と高温を避けてください,True,https://mall.line.me/sb/d84e5e64/8438633
8438632,韓国プレミアム生マッコリ 本〈BON〉17度 375ml（ドゥルミ酒造）,DOORUMI,梅酒・果実酒,7700,7700,True,2026-07-05,2026-07-09,水を一滴も加えない、17%の純粋。,すべての濁酒（ダクシュ）の「本」になる。 そんな志で醸された、加水なしの原酒そのままの生マッコリです。 一般的なマッコリが水で割って度数を調整するのに対し、「本」は米と麹と酵母だけが生み出す17%をそのまま瓶に閉じ込めました。 自然が与える最適温度15℃でひと季節かけて低温発酵し、さらに1℃でひと季節低温熟成。 まるでキムチ甕が地中で最高の味を引き出すように、時間と温度だけが磨き上げた濃密な一本です。  ① 「15℃低温発酵」 最高級ワインが洞窟で熟成される理由と同じ、自然が保つ最適温度でひと季節かけて発酵。 ② 「1℃低温熟成」 キムチ甕を地中に埋めた先人の知恵そのままに、1℃でひと季節じっくり寝かせて完成。 ③ 全国最高等級の鉄原五台米（チョロン・オデミ）のみ使用。 ④ 純度に最も近い鉄原の火山岩盤水のみ使用。  自然の素材だけが生み出す時間（熟成）の香り。 甘いバナナと芳醇な穀物の香りが交差する、新鮮な出会い。 舌先に届く濃密な甘みが全体を包み込み、やがて17%の豊かな風味の余韻を残して喉の奥へ滑らかに消えていく。 ワイングラスで香りから楽しむか、オンザロックで甘みを引き締めてカジュアルに。  韓国・江原道・鉄原（カンウォンド・チョロン）。 50万年の火山活動が育んだ肥沃な大地と火山岩盤水、そして最高品質の鉄原五台米（チョロン・オデミ）。 この天恵の自然環境の中で、すべての工程を手作業で行い、化学的添加物を一切使わない「最も清く純粋な韓国の酒」を追求し続けている酒造です。,【商品情報】 ・品目: その他の醸造酒 ・品名: ドゥルミ 本（ボン）生マッコリ ・原材料名: 米（韓国産）、米麹、酵母（一部に小麦を含む） ・内容量: 375ml ・アルコール分: 17% ・賞味期限: ラベル枠外に記載（製造日より180日） ・保存方法: 10℃以下で冷蔵保管してください。 ・原産国名: 韓国 【ご注意】 ※本製品は小麦を含みます。アレルギーをお持ちの方はご注意ください ※開栓後はお早めにお召し上がりください ※原料由来の成分が沈殿することがありますが、品質には問題ありません ※直射日光を避け、冷蔵保管してください。横置きでも問題ありませんが、できるだけ立てて保管してください ※よく冷やし、軽く振ってから開栓してください,True,https://mall.line.me/sb/d84e5e64/8438632
8438631,韓国プレミアム柚子生マッコリ 柚子家〈YUJAGA 09〉750ml（グルマ酒造）,DOORUMI,梅酒・果実酒,6600,6600,True,2026-07-05,2026-07-09,雪をかぶった柚子の木、その一番上の実だけを。,ソウル・麻浦（マポ）の小さな醸造場「グルマ酒造」が手掛ける、毎月わずか200本限定のプレミアム柚子生マッコリ。 鉄原五台米（チョロン・オデミ）を三度仕込み（三醸酒）で醸した本格的なもろみに、冬の初雪を浴びた南海（ナメ）産の希少な柚子と韓国産蜂蜜を加え、60〜90日発酵、さらに90日以上低温熟成して生まれる一本。 2年連続・大韓民国酒類大賞 大賞受賞、2026年にはBest of 2026も獲得した実力派です。  口に含んだ瞬間、柚子のシトラスが爽やかに弾け、蜂蜜由来のまろやかな甘みがそっと支える。 軽やかな質感と心地よい酸味が口中をすっきり整え、余韻はクリーンで短い。 食前酒として最適で、白身魚のカルパッチョや生春巻き、軽めのサラダとよく合います。 よく冷やしてワイングラスでどうぞ。  2019年、ソウル・麻浦（マポ）に誕生した都市型マイクロ醸造場。 韓国伝統酒の名門出身の醸造家3名が集い、化学添加物を使わず鉄原五台米（チョロン・オデミ）と厳選素材だけで少量手造りの酒を醸しています。 江原道・鉄原（チョロン）のドゥルミ酒造とは兄弟蔵の関係にあり、同じ哲学と原料を共有しながら、それぞれの個性を持つ酒を生み出しています。 「どんな料理とも寄り添える酒」を信念に、毎バッチわずか200本、ロット番号を刻む丁寧なものづくりが特徴です。,【商品情報】 ・品目: その他の醸造酒 ・品名: グルマ 柚子家09（ユジャガ09）生マッコリ ・原材料名: 米（韓国産）、ユズ（韓国産）、蜂蜜（韓国産）、小麦麹、酵母（一部に小麦を含む） ・内容量: 750ml ・アルコール分: 9% ・賞味期限: ラベル枠外に記載 (製造日より150日) ・保存方法: 10℃以下で冷蔵保管してください。 ・原産国名: 韓国 【ご注意】 ※本製品は小麦を含みます。アレルギーをお持ちの方はご注意ください ※開栓後はお早めにお召し上がりください ※原料由来の成分が沈殿することがありますが、品質には問題ありません,True,https://mall.line.me/sb/d84e5e64/8438631
8438630,韓国プレミアム薬酒 二十九〈29〉375ml（ドゥルミ酒造 × Standing Egg）,DOORUMI,梅酒・果実酒,6600,6600,True,2026-07-05,2026-07-09,澄んだ黄金色は、かつて貴族だけが味わった上澄みの証。,韓国伝統酒では、もろみの上澄みが「薬酒」、濁りが「マッコリ」。薬酒は朝鮮時代に貴族（両班）だけが嗜んだ格上の酒です。 「二十九」は、その上澄みだけを贅沢に瓶詰めした韓国プレミアム薬酒です。 澄んだ黄金色、なめらかな喉越し、食用菊の繊細な余韻。 ワイングラスで静かに傾ける夜に、音楽を添えてお届けします。 大切な方への贈り物にふさわしい、格式ある一本です。  韓国で愛されるアコースティックデュオ「Standing Egg」の楽曲『29』から生まれたコラボレーション薬酒。 二十代最後の夜、大人と子供のあいだで揺れる不安やほろ苦さ、それでも止まらなかった日々への祝杯。そんな歌の世界観をそのまま一本の酒に。 ボトルには歌詞が刻まれ、QRコードで音楽が流れ出す。 https://youtu.be/57I9GZ_brnk?si=hDKP8oKoI80XxmJX  黄金色に淡い若草色がのぞく澄んだ液色。 夜明けの空気のように清雅で爽やかな香り。 べたつきのない自然な甘みのあと、米の旨味がじんわりと現れ、菊花由来の穏やかな酸味が口中をすっきり整える。 メロンや梨を思わせる果実香が全体を支え、喉越しはなめらか。 オンザロックにすると甘みが引き締まり、よりカジュアルに。 ワイングラスでどうぞ。  韓国・江原道・鉄原（カンウォンド・チョロン）。 50万年の火山活動が育んだ肥沃な大地と火山岩盤水、そして最高品質の鉄原五台米（チョロン・オデミ）。 この天恵の自然環境の中で、すべての工程を手作業で行い、化学的添加物を一切使わない「最も清く純粋な韓国の酒」を追求し続けている酒造です。,【商品情報】 ・品目: その他の醸造酒 ・品名: ドゥルミ 二十九（29） 薬酒 ・原材料名: 米（韓国産）、米麹、小麦麹、食用菊（韓国産）、酵母（一部に小麦を含む） ・内容量: 375ml ・アルコール分: 12% ・賞味期限: ラベル枠外に記載 (製造日より1年) ・保存方法: 10℃以下で冷蔵保管してください。 ・原産国名: 韓国 【ご注意】 ※本製品は小麦を含みます。アレルギーをお持ちの方はご注意ください ※開栓後はお早めにお召し上がりください,True,https://mall.line.me/sb/d84e5e64/8438630
8438629,上品な韓国生マッコリ 古い歌〈An Old Song〉750ml（ドゥルミ酒造 × Standing Egg）,DOORUMI,梅酒・果実酒,5940,5940,True,2026-07-05,2026-07-09,音楽が聴こえる、上品な一杯。,韓国で愛されるアコースティックデュオ「Standing Egg」の代表曲『古い歌（An Old Song）』から生まれたプレミアム生マッコリ。 ボトルには歌詞が刻まれ、QRコードで音楽が流れ出す。 https://youtu.be/bW3XExLBf7A?si=aAGtmtfL028fJY8y シンプルで洗練されたデザインと、余計なものを一切加えない潔い味わい。 大切な方への贈り物にふさわしい、おしゃれで上品な一本です。 2025年大韓民国酒類大賞・大賞受賞。  米、米麹、ウメの花、酵母。たったこれだけ。人工甘味料・香料・酸度調整剤は一切不使用。 鉄原五台米（うるち米）を３段仕込み（三醸酒）で仕込み、40日発酵、さらに40日熟成して生まれる、穏やかな果実の香りとウメの花のほのかな余韻。 アルコール10%とは思えない滑らかな喉越しが、静かな夜の一杯にぴったりです。 ワイングラスでお楽しみください。  韓国・江原道・鉄原（カンウォンド・チョロン）。 50万年の火山活動が育んだ肥沃な大地と火山岩盤水、そして最高品質の鉄原五台米（チョロン・オデミ）。 この天恵の自然環境の中で、すべての工程を手作業で行い、化学的添加物を一切使わない「最も清く純粋な韓国の酒」を追求し続けている酒造です。,【商品情報】 ・品目: その他の醸造酒 ・品名: ドゥルミ 古い歌（An Old Song）生マッコリ ・原材料名: 米（韓国産）、米麹、ウメの花（韓国産）、酵母（一部に小麦を含む） ・内容量: 750ml ・アルコール分: 10% ・賞味期限: ラベル枠外に記載(製造日より180日) ・保存方法: 10℃以下で冷蔵保管してください。 ・原産国名: 韓国 【ご注意】 ※本製品は小麦を含みます。アレルギーをお持ちの方はご注意ください ※開栓後はお早めにお召し上がりください ※原料由来の成分が沈殿することがありますが、品質には問題ありません,True,https://mall.line.me/sb/d84e5e64/8438629
8438555,極旨生マッコリ 善山ウェングギグ 韓国で話題のへたかわ飲み比べセット（6度&12度 各750ml）,善山,梅酒・果実酒,4800,4800,True,2026-07-04,2026-07-09,500年の伝統醸造蔵 × 韓国で話題のキャラクターブランド。遊び心のある本格派マッコリ、日本初上陸。,"「ウェングギグ」は""左手で描いたキリンの絵""という意味の韓国発ライフスタイルブランド。 ヘタかわいいのに目が離せない不思議な魅力で、韓国の大手百貨店を席巻中の注目IPです。 その自由で愉快な世界観が、500年の歴史を持つ慶尚北道・善山酒造の確かな醸造技術と出会い、カジュアルでありながら本格派の生マッコリが誕生しました。  人工甘味料ゼロ、韓国亀尾(クミ)産もち米100%という共通のこだわりから生まれた、性格の異なる2本をセットにしました。 6度は誰でもスルスルと楽しめるやさしい飲み口、12度は口いっぱいに広がる濃密な甘みと重厚なボディ感。 どちらも氷をたっぷり入れた「オンザロック」がおすすめです。 その日の気分や料理に合わせて飲み比べる楽しさは、セットならでは。 トッポッキやピザ、刺身の和え物など、味の強い料理と抜群の相性です。",【商品情報】 ・品目: その他の醸造酒 ・品名: 善山（ソンサン）ウェングギグ6 生マッコリ & ウェングギグ12 セット ・原材料名: 米（韓国産）、麹（小麦）／酵素（一部に小麦を含む） ・内容量: 750ml × 2本（6度・12度 各1本） ・アルコール分: 6%（1本）/ 12%（1本） ・賞味期限: ラベル枠外に記載 （ウェングギグ6：製造日から60日 / ウェングギグ12：製造日から120日） ・保存方法: 10℃以下で冷蔵保管してください。 ・原産国名: 韓国 【ご注意】 ※本製品は小麦を含みます。アレルギーをお持ちの方はご注意ください ※開栓後はお早めにお召し上がりください ※原料由来の成分が沈殿することがありますが、品質には問題ありません,True,https://mall.line.me/sb/d84e5e64/8438555
8438476,極旨生マッコリ 善山名家銘酒9 生マッコリ 750ml （ソンサンメイカメイシュ9度）,善山,梅酒・果実酒,2900,2900,True,2026-07-03,2026-07-09,500年受け継がれた家醸酒の秘伝。名門の味を、一杯に。,15世紀の朝鮮時代、慶尚北道・善山の名家が自ら醸し王に献上した家醸酒「名家銘酒」。 善山酒造は、洛東江流域の肥沃な大地で育った善山産うるち米100%と、代々受け継がれる一族固有の伝統麹を用い、500年の味をそのまま現代に蘇らせています。 人工甘味料は一切使用していません。  うるち米100%ならではのすっきりとした米の旨味に、穏やかな甘みと心地よい酸味がバランスよく重なる中間度数の一本。 アルコール9%のしっかりとしたボディでありながら、炭酸感はほぼなく、まるでワインのような上品でクリーンな飲み口が特徴です。 よく冷やしてそのままグラスで、またはオンザロックで。 チヂミや鍋料理はもちろん、和食の煮物や焼き魚とも自然に寄り添う万能な食中酒です。,【商品情報】 ・商品名: 善山（ソンサン）名家銘酒9 生マッコリ ・品目: その他の醸造酒 ・アルコール分: 9% ・原材料: 米（韓国産）、麹（小麦）／酵素（一部に小麦を含む） ・内容量: 750ml ・原産国: 韓国 ・賞味期限: ラベル枠外に記載 (製造日から120日) ・保存方法: 10℃以下で冷蔵保管してください。 【ご注意】 ※本製品は小麦を含みます。アレルギーをお持ちの方はご注意ください ※開栓後はお早めにお召し上がりください ※原料由来の成分が沈殿することがありますが、品質には問題ありません,True,https://mall.line.me/sb/d84e5e64/8438476
8438466,極旨生マッコリ 善山ウェングギグ6度 750ml（ソンサン × ウェングギグ左手で描いたキリンの絵）韓国で話題,善山,梅酒・果実酒,2500,2500,True,2026-07-03,2026-07-09,500年の伝統醸造蔵 × 韓国で話題のキャラクターブランド。遊び心のある本格派マッコリ、日本初上陸。,"「ウェングギグ」は""左手で描いたキリンの絵""という意味の韓国発ライフスタイルブランド。 ヘタかわいいのに目が離せない不思議な魅力で、韓国の大手百貨店を席巻中の注目IPです。 その自由で愉快な世界観が、500年の歴史を持つ慶尚北道・善山酒造の確かな醸造技術と出会い、カジュアルでありながら本格派の生マッコリが誕生しました。  韓国亀尾(クミ)産もち米だけをたっぷり使い、米本来の健康的な甘みを引き出した一本。 アルコール度数6%の軽やかなボディで、ブランドの哲学そのままに誰でも気軽にスルスルと楽しめるやさしい飲み口が魅力です。 氷をたっぷり入れたグラスに注ぐ「オンザロック」スタイルがおすすめ。 トッポッキやピザ、刺身の和え物など、日常の食事と気軽に合わせてお楽しみください。",【商品情報】 ・品目: その他の醸造酒 ・品名: 善山（ソンサン）ウェングギグ6 生マッコリ ・原材料名: 米（韓国産）、麹（小麦）／酵素（一部に小麦を含む） ・内容量: 750ml ・アルコール分: 6% ・賞味期限: ラベル枠外に記載（製造日より60日) ・保存方法: 10℃以下で冷蔵保管してください。 ・原産国名: 韓国 【ご注意】 ※本製品は小麦を含みます。アレルギーをお持ちの方はご注意ください ※開栓後はお早めにお召し上がりください ※原料由来の成分が沈殿することがありますが、品質には問題ありません,True,https://mall.line.me/sb/d84e5e64/8438466
8438450,極旨生マッコリ 善山ウェングギグ12度 750ml（ソンサン × ウェングギグ左手で描いたキリンの絵）韓国で話題,善山,梅酒・果実酒,3300,3300,True,2026-07-03,2026-07-09,500年の伝統醸造蔵 × 韓国で話題のキャラクターブランド。遊び心のある本格派マッコリ、日本初上陸。,"「ウェングギグ」は""左手で描いたキリンの絵""という意味の韓国発ライフスタイルブランド。 ヘタかわいいのに目が離せない不思議な魅力で、韓国の大手百貨店を席巻中の注目IPです。 その自由で愉快な世界観が、500年の歴史を持つ慶尚北道・善山酒造の確かな醸造技術と出会い、カジュアルでありながら本格派の生マッコリが誕生しました。  韓国亀尾(クミ)産もち米だけをたっぷり使い、米本来の深く健康的な甘みを引き出した一本。 アルコール度数12%のしっかりとしたボディ感と、口いっぱいに広がる濃厚な旨味が特徴です。 氷をたっぷり入れたグラスに注ぐ「オンザロック」スタイルがおすすめ。 トッポッキやピザ、刺身の和え物など、味の強い料理と抜群の相性です。",【商品情報】 ・品目: その他の醸造酒 ・品名: 善山（ソンサン）ウェングギグ12 生マッコリ ・原材料名: 米（韓国産）、麹（小麦）／酵素（一部に小麦を含む） ・内容量: 750ml ・アルコール分: 12% ・賞味期限: ラベル枠外に記載（製造日より120日) ・保存方法: 10℃以下で冷蔵保管してください。 ・原産国名: 韓国 【ご注意】 ※本製品は小麦を含みます。アレルギーをお持ちの方はご注意ください ※開栓後はお早めにお召し上がりください ※原料由来の成分が沈殿することがありますが、品質には問題ありません,True,https://mall.line.me/sb/d84e5e64/8438450
8433338,極旨生マッコリ プレミアム 善山スイート 750ml,善山,梅酒・果実酒,6800,6800,True,2026-06-24,2026-07-09,創業500年。韓国プレミアムマッコリの名門が、日本初上陸。,慶尚北道・善山で500年の歴史を紡いできた醸造蔵が手掛ける、もち米100%の本格生マッコリ。 米由来の自然な甘みだけでBrix23度(糖度23%、一般的なジュースを超える濃密さ)の濃密な味わいを実現した、デザート感覚で楽しめる一本が、ついに日本で初めてご紹介できることになりました。  人工甘味料や砂糖を一切加えず、善山産もち米の発酵だけで引き出した自然な甘み。 アルコール度数8%のしっかりとしたボディに、とろりと濃密な米の旨味が重なります。 ワイングラスでスワリングしながら、香りとともにゆっくりとお楽しみください。 ピリ辛の煮込み料理や焼き物との相性が抜群です。,【商品情報】 ・商品名: 善山（ソンサン）スイート 生マッコリ ・品目: その他の醸造酒 ・アルコール分: 8% ・原材料: 米（韓国産）、麹（小麦）／酵素（一部に小麦を含む） ・内容量: 750ml ・原産国: 韓国 ・賞味期限: ラベル枠外に記載 (製造日から120日) ・保存方法: 10℃以下で冷蔵保管してください。 【ご注意】 ※本製品は小麦を含みます。アレルギーをお持ちの方はご注意ください ※開栓後はお早めにお召し上がりください ※原料由来の成分が沈殿することがありますが、品質には問題ありません,True,https://mall.line.me/sb/d84e5e64/8433338
8433321,極旨生マッコリ プレミアム 善山ベーシック 700ml,善山,梅酒・果実酒,3900,3900,True,2026-06-24,2026-07-09,創業500年。韓国プレミアムマッコリの名門が、日本初上陸。,慶尚北道・善山で500年の歴史を紡いできた醸造蔵が手掛ける、もち米100%の本格生マッコリ。 韓国国内で「新しいマッコリの基準」と評される一本が、ついに日本で初めてご紹介できることになりました。  善山産もち米だけで醸した、アルコール度数6%の軽やかなボディ。 グラスに注ぐと、梨やチャメ（韓国メロン）を思わせるフルーティーな香りが広がり、心地よい酸味がすっきりと余韻を締めくくります。 シャンパングラスでそのまま、または氷を浮かべてオンザロックで。ヒラメのセビーチェやピリ辛の和え物、軽めのナッツ類と好相性です。,【商品情報】 ・商品名: 善山（ソンサン）ベーシック 生マッコリ ・品目: その他の醸造酒 ・アルコール分: 6% ・原材料: 米（韓国産）、麹（小麦）／酵素（一部に小麦を含む） ・内容量: 700ml ・原産国: 韓国 ・賞味期限: ラベル枠外に記載（製造日から90日) ・保存方法: 10℃以下で冷蔵保管してください。 【ご注意】 ※本製品は小麦を含みます。アレルギーをお持ちの方はご注意ください ※開栓後はお早めにお召し上がりください ※原料由来の成分が沈殿することがありますが、品質には問題ありません,True,https://mall.line.me/sb/d84e5e64/8433321
8418764,【美酒館キュレーションセット】 究極の飲み比べ三部作|ブッカーズ2025 × カバラン ソリスト × オクトモア16.1 ウイスキー3本セット,,洋酒,99000,99000,True,2026-05-28,2026-07-09,炎・果実・煙 ― 世界三蒸溜所が紡ぐ、究極の飲み比べ三部作｜ ブッカーズ2025 × カバラン ソリスト × オクトモア16.1,ひと口目はケンタッキーの陽射し。 ふた口目は亜熱帯の果実。 三口目はアイラの霧深い海。 ウイスキーの世界には、土地ごとに違う「物語」があります。 このセットは、その物語を一夜で旅するためのもの。 加水も妥協もしない、三本のカスクストレングス級原酒。 本物を知る方への、特別な贈り物です。  ジム・ビーム7代目マスターディスティラー、ブッカー・ノウの最高傑作。 6〜8年熟成樽から厳選した原酒を、加水も濾過もせずそのままボトリング。 バニラ、キャラメル、オークの香りに凝縮された果実の甘みとタンニンのコクが重なります。 商品名：ブッカーズ 2025 内容量：750ml アルコール度数：63度 仕様：木箱入り 種類：バーボンウイスキー 割水や濾過を一切行わず、そのままボトリングすることで、 バーボン本来の力強さと複雑な香味を最大限に引き出しています。 製造年ごとに度数や味わいが微妙に異なり、その個性の違いも魅力のひとつです。  世界的評価を獲得し続ける台湾・宜蘭のカバラン蒸溜所。 長年使用したスペイン産オロロソシェリー樽で熟成、加水なしのカスクストレングスでボトリング。 ドライフルーツ、アーモンド、ナッツの濃密な甘みと、ラテンの情熱を感じる深い余韻が広がります。 商品名：カバラン ソリスト オロロソシェリー カスクストレングス 内容量：700ml アルコール度数：約53〜56度（樽ごとに個体差あり） 仕様：ギフトBOX入り 種類：シングルモルトウイスキー  「世界一ピーティー」と称されるブルックラディ蒸溜所の象徴。 スコットランド産コンチェルト種大麦100%、フェノール値101.4ppmの驚異的な数値ながら、ファーストフィルバーボン樽で5年熟成。塩キャラメル、メロン、アプリコットの風味が、長いスモークの余韻と共に広がります。 商品名：オクトモア 16.1 スコティッシュバーレイ 内容量：700ml アルコール度数：59.3度 産地：アイラ島（スコットランド） 種類：シングルモルトスコッチウイスキー  1杯目 ▶ ブッカーズで甘やかに口を開き 2杯目 ▶ カバランで濃密なシェリーの深みへ 3杯目 ▶ オクトモアの煙で夜を締めくくる  ・この商品はお酒です。２０歳未満の飲酒は法律で禁止されています。 ・２０歳未満の者への酒類の販売はいたしません。,,True,https://mall.line.me/sb/d84e5e64/8418764
8407242,【極上マッコリ】NERD12（ナード） プレミアム贈り物 （750ml）,NERD,梅酒・果実酒,5500,5500,True,2026-05-02,2026-07-09,世界的VIPも魅了された、韓国発・極上マッコリ 特別な日を彩るプレミアム濁り酒「NERD（ナード）12」,大切な方への贈り物に、世界的なエグゼクティブ達も絶賛した至高の一本はいかがですか？ 「NERD 12」は、世界的なIT企業のCEOがサインを残して絶賛し、国際会議（APEC）の公式VIPギフトとしても選ばれた、今最も注目を集めている韓国発のプレミアム濁り酒（マッコリ）です。 洗練されたパッケージと、人工甘味料を一切使用しないこだわりの製法で、お酒を愛する方への「絶対に外さない」ワンランク上の特別なギフトとして大活躍します。  一口飲めば、お米本来の香ばしさと、果実を思わせるような濃厚で上品な甘みが口いっぱいに広がります。 アルコール度数は、濁り酒としては少し高めの「12度」。実はこれこそが美味しさの秘密です。グラスに氷を浮かべる「オン・ザ・ロック」スタイルで飲むことで、氷がゆっくりと溶け出し、最後の一滴まで完璧なバランスの味わいをお楽しみいただけます。 ワイングラスに注げば、その洗練された香りと滑らかなボディ感をより一層深くご堪能いただけます。  ・この商品はお酒です。20歳未満の飲酒は法律で禁止されています。 ・20歳未満の者への酒類の販売はいたしません。,■商品名：NERD 12（ナード12） ■容量：750ml ■アルコール分：12% ■原材料名：精製水、もち米（韓国産）、麹（小麦含む）、酵母、精製酵素剤 ■保存方法：10℃以下で冷蔵保管してください。 ■賞味期限：ラベルに記載（製造日より6ヶ月以内） ■製造元：ナードブルワリー（韓国・尚州酒造）,True,https://mall.line.me/sb/d84e5e64/8407242
8403627,高級マッコリ 福順都家 スーパードライ 935ml【韓国 ボクソンドガ】誕生日,福順都家,梅酒・果実酒,3800,3800,True,2026-04-29,2026-07-09,韓国を代表するプレミアムマッコリ、福順都家（ボクスンドガ） 100％無添加・ドライタイプの本格マッコリ、スーパードライ,甘くない、大人のマッコリ。 甘さを極限まで控えた大人のためのマッコリです。 精製水・米・酵母だけを使った100%無添加製法で、ドライ系のお酒がお好きな方に特におすすめ。 発酵が生み出す果実のような自然な香りと、キリッとした酸味が特徴の本格派です。  ・本商品は酒類です。 ・20歳未満の方の飲酒は法律で禁止されています。 ・20歳未満の方への酒類の販売はいたしません。 ・妊娠中・授乳期の飲酒はお控えください。 ・酒類の特性上、お客様都合による返品・交換はお受けできません。 ・商品破損・誤配送の場合は、商品到着後速やかにご連絡ください。  福順都家（ボクソンドガ）は、韓国・蔚山の自然豊かな土地で生まれたマッコリの醸造所です。 米が育ち、酒が息づく場所で、人と自然の調和を大切にしながら酒造りを続けています。 良質な国産米を厳選し、昔ながらの製法を守りながら、時間と手間を惜しまず仕込みます。 発酵の様子に耳を澄ませ、酒が生きていることを感じ取りながら、ひとつひとつ丁寧に向き合っています。 福順都家が目指すのは、派手さではなく、飲む人の心に静かに残る味わい。 受け継がれてきた知恵と真心を大切に、今日も変わらぬ姿勢でマッコリを造り続けています。,・酒類区分：濁酒（マッコリ） ・商品名：福順都家 スーパードライマッコリ ・アルコール分：6.5％ ・内容量：935ml ・原材料：精製水 、米(韓国産) 、 小麦酵母 ・原産国：韓国 ・賞味期限：容器に記載（製造日から3ヶ月) ・保存方法：10℃以下で冷蔵保存してください。,True,https://mall.line.me/sb/d84e5e64/8403627
8394511,【最高峰バーボン】ブッカーズ Booker's 2025 63度 木箱入り 750ml|数量限定・ギフト向けプレミアムウイスキー,Booker's,洋酒,19800,19800,True,2026-04-17,2026-07-09,最高峰バーボン「ブッカーズ」数量限定,ブッカーズは、ブッカー・ノウの最高傑作とされるプレミアムバーボン。 もともとはビーム家のバーベキューパーティーで賓客のみに振る舞われていた特別な原酒で、その評価の高さから製品化された逸品です。 現在もその思想を受け継ぎ、さらなる高みを目指して造り続けられています。  6～8年熟成の樽の中から、最高峰にふさわしい原酒のみを厳選してヴァッティング。 割水や濾過を一切行わず、そのままボトリングすることで、 バーボン本来の力強さと複雑な香味を最大限に引き出しています。 製造年ごとに度数や味わいが微妙に異なり、その個性の違いも魅力のひとつです。  高いアルコール度数を感じさせない、しなやかな口当たり。 深い熟成感がありながらも重すぎない、絶妙なバランスを実現しています。 バニラやキャラメル、オークの厚みのある香りに、 凝縮されたフルーツの甘みとタンニンのコク。 フルーティーさの中にほのかな苦みが重なり、 リッチで長く続く余韻を楽しめます。 色合いは深く濃い琥珀色。 香り・味わい・余韻すべてにおいて完成度の高い1本です。  ・この商品はお酒です。２０歳未満の飲酒は法律で禁止されています。 ・２０歳未満の者への酒類の販売はいたしません。,商品名：ブッカーズ 2025 内容量：750ml アルコール度数：63度 仕様：木箱入り 種類：バーボンウイスキー 本商品は数量限定での販売となります。 また、製造年ごとに度数や香味に個体差がございます。,True,https://mall.line.me/sb/d84e5e64/8394511
8392988,【新感覚クラフト酒】ハッピーどぶろく ホップ香る濁り酒 8% 480ml 誕生日,ハッピーどぶろく,梅酒・果実酒,3800,3800,True,2026-04-16,2026-07-09,ビール好きも唸る！新感覚の「ホップ香る濁り酒」 心躍る爽やかさ。「something happy うきうきホップ」,「いつもとはちょっと違う、特別なお酒をプレゼントしたい」 そんな時にぴったりなのが、伝統的な濁り酒（どぶろく）に、クラフトビールの魂である「ホップ」を掛け合わせた、新感覚のクラフトサケです。 グラスに注いだ瞬間、アメリカ産ホップ「TALUS（タラス）」が織りなす、爽やかなシトラスの香りがフワッと広がります。 ビール好きの方や、新しい味わいを探求するのが好きな方へのセンスの光るプチギフトとして、心踊る（うきうきする）ような晩酌タイムをお届けします。  一口飲んで驚くのは、そのフルーティーな味わい。 お米と糀（こうじ）が持つ自然な甘みに、酵母が引き出すクエン酸の爽やかな酸味、そしてホップ由来の柑橘系の香りが完璧に調和し、まるで「搾りたてのグレープフルーツ」のようなジューシーな味わいが口いっぱいに広がります。 アルコール度数は8%。重たすぎず、軽快で弾けるような口当たりは、食前酒としてはもちろん、スパイシーな料理や揚げ物との相性も抜群です。,■品目：その他の醸造酒 ■商品名：something happy うきうきホップ ■容量：480ml ■アルコール分：8% ■原材料名：米麹（国産米）、ホップ（アメリカ産） ■製造元：ハッピー太郎醸造所（滋賀県） ■賞味期限：ラベルに記載（製造日より１年） ※【保管・開栓のご注意】生きたお酒のため、必ず「要冷蔵（5℃以下）」で保管してください。炭酸ガスが含まれているため、開栓時は噴き出しにご注意いただき、ゆっくりとお開けください。 ※20歳未満の飲酒は法律で禁止されています。,True,https://mall.line.me/sb/d84e5e64/8392988
8392987,【極上の柑橘どぶろく】ハッピーどぶろく something happy 菅浦の八朔 480ml （キツネ柄ラベル） 低アルコール6%,ハッピーどぶろく,梅酒・果実酒,4200,4200,True,2026-04-16,2026-07-09,爽やかな柑橘香る、心弾む「果実の濁り酒」 甘酸っぱさとほろ苦さが絶妙な「something happy 菅浦の八朔」,お酒は好きだけど、強いのは少し苦手…」 そんな方への贈り物にぴったりなのが、アルコール度数6%で軽やかに楽しめる、フルーツベースの特別などぶろくです。 滋賀県・奥びわ湖の隠れ里「菅浦」で太陽をたっぷり浴びて育った柑橘「八朔（はっさく）」を贅沢に使用。 グラスに注ぐと、春の訪れを感じさせるような爽やかな香りが広がり、一口飲めば、糀（こうじ）の優しい甘みと八朔特有の心地よいほろ苦さが、口いっぱいに広がります。  八朔の味わいを語る上で欠かせない「ほのかな苦味」。それは決して嫌なものではなく、後味をスッキリと引き締め、気分を晴れやかにリフレッシュさせてくれる魔法のエッセンスです。 過疎や獣害にも負けず、地元の人々の手によって大切に育てられた「ど根性の八朔」。その生命力と愛情が、この一本にギュッと詰まっています。 まるで搾りたての果実をかじったような瑞々しさと、濁り酒ならではのまろやかな旨味。他では味わえない、特別なマリアージュをお楽しみください。,■品目：その他の醸造酒 ■商品名：something happy 菅浦の八朔 ■容量：480ml ■アルコール分：6% ■原材料：米麹（国産米）、八朔（国産・滋賀県産） ■製造元：ハッピー太郎醸造所（滋賀県） ■賞味期限：ラベルに記載（製造日より１年） ※【保管・開栓のご注意】生きたお酒のため、必ず「要冷蔵（5℃以下）」で保管してください。開栓時は噴き出しにご注意いただき、ゆっくりとお開けください。 ※ 20歳未満の飲酒は法律で禁止されています。,True,https://mall.line.me/sb/d84e5e64/8392987
8392962,【癒しと養生のお酒】ハッピーどぶろく 穂の恵み 480ml （キツネ柄ラベル） 誕生日,ハッピーどぶろく,梅酒・果実酒,3500,3500,True,2026-04-15,2026-07-09,自然の恵みと癒しを贈る、極上の濁り酒 滋賀の豊かな自然が育んだ「ハッピーどぶろく 穂の恵み」,切な方へ、心と体を労わる「癒しの一杯」を贈りませんか？ 滋賀県湖北の自然豊かな田んぼで育ったお米（穂の恵み）を使い、乳酸・酵素剤不使用で丁寧に醸された特別などぶろくです。 田んぼの護り神である「狐（キツネ）」が描かれた美しい切り絵ラベルは、お酒好きな方へのセンスの良い贈り物にぴったり。自然の循環と生命力にあふれた、優しい味わいをお届けします。  キリッと冷やして、喉を通る清々しさと華やかな香りを楽しむのはもちろん、一番のおすすめは「燗（かん）」です。 思い切って60℃くらいまで温めると、味噌糀の魅力がふわりと開き、まるでお腹の底から温まる「大人のお粥」のようなホッとする味わいに変化します。 日々の疲れを優しく癒す、養生のサケとしての本領を発揮。一口飲むごとにじんわりと幸せが広がります。,■品目：その他の醸造酒 ■商品名：ハッピーどぶろく 穂の恵み ■容量：480ml（アルコール分：12%） ■原材料：米、米麹（すべて国産） ■製造元：ハッピー太郎醸造所（滋賀県） ■賞味期限：ラベルに記載（製造年月より１年） ※【ご注意】生きたお酒のため、開栓時は噴き出しにご注意いただき、ゆっくりお開けください。到着後は要冷蔵（5℃以下）で保管をお願いいたします。 ※20歳未満の飲酒は法律で禁止されています。,True,https://mall.line.me/sb/d84e5e64/8392962
8390169,ソンシギョン監修 | 韓国プレミアム生マッコリ「璄濁酒」ロゼ 12度 （ギョンダクシュロゼ 500ml）,ギョン,梅酒・果実酒,3990,3990,True,2026-04-12,2026-07-09,【LINEギフト特別発売・販売商品】,韓国の国民的歌手として愛されるソン・シギョンが、音楽制作への情熱と同じこだわりを込めてプロデュースした「璄濁酒（ギョンダクシュ）」。韓国現地で発売と同時に完売続出となった話題作の第二弾が、ついに日本初上陸。韓国産米100%、人工甘味料無添加で約4週間の低温熟成を経て完成する、大人のための本格派生マッコリです。  色素・果実・香料を一切使わず、韓国産の紅麹米だけで淡い花桜色に仕上げた「璄濁酒ロゼ」。一口目に広がるのは、熟したメロンや桃を思わせる芳醇なフルーティーさ。続いてヨーグルトのような柔らかな酸味とコクが口の中を満たし、フィニッシュには璄濁酒ならではのドライで上品な余韻が残ります。オリジナルの重厚なボディ感はそのままに、心地よい酸味が加わった華やかな一杯です。  通常のマッコリよりも高いアルコール度数12度は、原酒に近い濃厚さの証拠です。厳選された韓国産米のみを使用し、伝統的な製法で丁寧に醸造。氷を加えても薄まりにくく、最後の一滴まで深い味わいが続きます。冷蔵庫でよく冷やし、軽く振ってから開栓してお楽しみください。  ただのお酒ではない、ストーリーと話題性を持った「璄濁酒ロゼ」は、韓国ドラマやK-POPがお好きな方、本格的なお酒を楽しむ方への贈り物として最適です。花桜色に輝く洗練されたボトルデザインと確かな品質で、誕生日や記念日、「お疲れ様」の気持ちを込めた特別な一本として喜ばれます。,・この商品はお酒です。２０歳未満の飲酒は法律で禁止されています。 ・２０歳未満の者への酒類の販売はいたしません。,True,https://mall.line.me/sb/d84e5e64/8390169
8390129,ソンシギョン監修 | 韓国プレミアム生マッコリ「璄濁酒」12度 紅白セット（ギョンダクシュ オリジナル・ロゼ 各 500ml）,ギョン,梅酒・果実酒,6300,6300,True,2026-04-12,2026-07-09,【LINEギフト特別発売・販売商品】,韓国の国民的歌手ソン・シギョンが、音楽制作への情熱と同じこだわりを込めてプロデュースした「璄濁酒（ギョンダクシュ）」。韓国現地で完売続出の話題作に加え、色素・果実・香料を一切使わず紅麹米だけで淡い花桜色に仕上げた新作ロゼが日本初上陸。韓国産米100%、人工甘味料無添加の本格派生マッコリ、待望の紅白2本セットです。  璄濁酒オリジナルは、芳醇な果実香にクリーミーな酸味、ドライで上品な余韻。璄濁酒ロゼは、紅麹米由来の花桜色と、心地よい酸味を加えた軽やかな仕上がり。そのまま楽しめる2本を1:1でブレンドすると、深みと柔らかさが調和し、さらに完璧な一杯が生まれます。  通常のマッコリを超えるアルコール度数12度は、原酒に近い濃厚さの証。厳選した韓国産米のみで伝統製法により丁寧に醸造。氷を加えても薄まりにくく、最後の一滴まで深い味わいが続きます。よく冷やし、軽く振ってから開栓してお楽しみください。  ストーリーと話題性を持った「璄濁酒」紅白セットは、韓国カルチャー好きやお酒通への贈り物に最適です。紅白の美しいコントラストが映える2本セットは、誕生日や記念日、お祝いの席にぴったり。大切な方の晩酌時間を、より華やかで印象深いものに変える逸品です。,・この商品はお酒です。２０歳未満の飲酒は法律で禁止されています。 ・２０歳未満の者への酒類の販売はいたしません。,True,https://mall.line.me/sb/d84e5e64/8390129
8385683,【英国発・極上ラム酒】ベックフォーズ ミニボトル2種飲み比べセット （特製麻袋入り、各50ml） 誕生日 プチギフト,Beckford's,洋酒,2900,2900,True,2026-04-02,2026-07-09,【英国発・極上の味わい。大人のためのプレミアム・ラム酒ギフト】 アンティークな小瓶と特製麻袋に包まれた、魅惑の2種飲み比べセット,イギリスから届いた、宝物のような「ベックフォーズ（Beckford's）」のミニチュアラム2本セットです。 最高級の素材で造られた極上のフレーバード・ラム（各50ml）を、ブランドロゴが入ったおしゃれな特製麻袋（ギフトバッグ）におさめました。 箱を開けた瞬間、その洗練されたヴィンテージデザインのパッケージに思わず笑顔がこぼれるはず。お酒やスイーツが好きな方への、センスが光る特別な贈り物として大活躍します。  飲んだ瞬間、エメラルドグリーンの海と白砂のビーチが目の前に広がるような、とても愛らしいスパイスド・ラムです。 濃緑の熱帯樹の合間から降り注ぐ陽光や、カラフルな花々の光景が目に浮かぶ、ベックフォーズのエキゾチックな世界観を代表する一本。 ストレートやロックはもちろん、パイナップルジュースと合わせて極上の「ピニャコラーダ」にするのもおすすめです。  ラムとトフィー（キャラメル）のお菓子の組み合わせは、古くから英国人の大のお気に入りです。 キャラメルの原料（砂糖）も、ラム酒の原料（糖蜜）も、元をたどれば同じ「サトウキビ」。だからこそ「なぜ今まで存在しなかった！」と思わせるほどに相性抜群。 ホワイトラムに塩キャラメルの風味と、ジューシーなオレンジのアクセントを添えました。アルコール度数25%とは思えないほどスムーズな飲み口は、一度飲むと癖になる“絶対においしい！”キャラメル・ラムです。  ・この商品はお酒です。２０歳未満の飲酒は法律で禁止されています。 ・２０歳未満の者への酒類の販売はいたしません。,"■商品名：ベックフォーズ ラム小瓶2本セット（特製麻袋入り） ■価格：2,900円 (税込) ■セット内容・容量：各50ml × 2本 ■品目：リキュール（ラム） ■アルコール分：25% ■原産国：イギリス ■原材料名： 【ホワイト・パール・ラム＆ココナッツ】ラム酒／香料 【ラム＆キャラメル】ラム酒／香料、カラメル色素",True,https://mall.line.me/sb/d84e5e64/8385683
8373998,ホリデーウォッカ ミニ2本 & バック付き ギフトセット | Van Gogh VODKA（ヴァンゴッホウォッカ、各50ml）,VanGoghVODKA,洋酒,2900,2900,True,2026-03-11,2026-07-09,ホリデーの贈り物用にのフレーヴァーウォッカのミニ・ボトル・特別バック付きセット,チョコレート・フレーヴァーのリッチダーク・チョコレート・ウォッカは世界最高ランクの五つ星評価。 そしてもうひとつ五つ星評価のダブルエスプレッソ・ウォッカにバナナ・ウォッカと、人気のウォッカをセットにしました。 ・セット構成 【ダブルエスプレッソ・ウォッカ】丹念に作られた卓越した味わいのウォッカ。カフェインを多く含み強烈かつ洗練されたフレーバー。 【メロン・ウォッカ】ミニボトル一本あたりに高級赤肉系のカンタロープ種マスク・メロンを1.5個も贅沢に使用したメロンそのものの味と香りのメロン。  ・この商品はお酒です。２０歳未満の飲酒は法律で禁止されています。 ・２０歳未満の者への酒類の販売はいたしません。  Van Gogh VODKAは、196年にわたり蒸留酒を造り続け、オランダのベアトリクス女王より“ロイヤル”の称号を授かった世界の名門蒸留所が並ぶスキーダム市のロイヤルディルクズワーヘル蒸留所で小バッチ製造の元祖クラフトウォッカです。 東京・銀座および浅草では、 Van Gogh VODKAの世界観を体感いただける 「ヴァン・ゴッホ・ウォッカ銀座 Bar」にて、 ウォッカやオリジナルカクテルをご提供しております。 機会がございましたら、ぜひご来店ください。,・容量：50ml × 2 ・アルコール度数：40度/35度 ・賞味期限：なし ・製造元/原産国：オランダ,True,https://mall.line.me/sb/d84e5e64/8373998
8366314,高級マッコリ3本飲み比べセット 福順都家マッコリ（白・ピンク・スーパードライ 各935ml）【韓国 ボクソンドガ】誕生日,福順都家,梅酒・果実酒,8800,8800,True,2026-02-25,2026-07-09,福順都家の人気マッコリ3種を楽しむセット,韓国を代表するプレミアムマッコリブランド 福順都家（ボクスンドガ）の定番商品を詰め合わせた3本セットです。 ＜セット内容＞ ・福順都家 手造りマッコリ（白）935ml × 1本 ・福順都家 赤米マッコリ（ピンク）935ml × 1本 ・福順都家 スーパードライマッコリ 935ml × 1本  良質な麹と韓国産米を使用し、伝統製法で丁寧に発酵。 粒子がきめ細かく、なめらかな口当たりが特長です。 穀物由来のやさしい旨味と、すっきりした後味が楽しめます。  韓国産米に赤米（紅麹米）を加えて発酵。 淡い赤色と穏やかな穀物の香りが特長です。 軽やかな飲み口で、白とは異なる風味を楽しめます。  甘くない、大人のマッコリ。 甘さを極限まで控えた大人のためのマッコリです。 精製水・米・酵母だけを使った100%無添加製法で、ドライ系のお酒がお好きな方に特におすすめ。 発酵が生み出す果実のような自然な香りと、キリッとした酸味が特徴の本格派です。  ・20歳未満の方の飲酒は法律で禁止されています。 ・20歳未満の方への酒類の販売はいたしません。  福順都家は、韓国・蔚山の自然豊かな土地で生まれたマッコリの醸造所です。 米が育ち、酒が息づく場所で、人と自然の調和を大切にしながら酒造りを続けています。 良質な国産米を厳選し、昔ながらの製法を守りながら、時間と手間を惜しまず仕込みます。 発酵の様子に耳を澄ませ、酒が生きていることを感じ取りながら、ひとつひとつ丁寧に向き合っています。,・酒類区分：濁酒（マッコリ） ・アルコール分：各 6.5％ ・内容量：各 935ml ・原材料 - 手造りマッコリ（白）：精製水、米（韓国産）、麹（小麦）、水飴、砂糖、アスパルテーム（甘味料・フェニルアラニン含有） - 赤米マッコリ（赤）：精製水、米（韓国産）、麹（小麦）、赤米（紅麹米）、水飴、砂糖、スクラロース（甘味料） - スーパードライマッコリ：精製水 、米(韓国産) 、 小麦酵母 ・原産国：韓国 ・賞味期限：容器に記載（製造日から3ヶ月) ・保存方法：10℃以下で冷蔵保存してください。,True,https://mall.line.me/sb/d84e5e64/8366314
8366310,【無添加生】メリョマッコリ プレミアム韓国マッコリ 紅白2本セット （各 650ml）,魅了マッコリ,梅酒・果実酒,4200,4200,True,2026-02-25,2026-07-09,注意事項,・この商品はお酒です。２０歳未満の飲酒は法律で禁止されています。 ・２０歳未満の者への酒類の販売はいたしません。,,True,https://mall.line.me/sb/d84e5e64/8366310
8364553,【出雲・縁結び】生マッコリ 2本ギフトセット（OMONA 雨の日+出雲）,OMONA,梅酒・果実酒,7777,7777,True,2026-02-18,2026-07-09,【出雲で結ぶ、二つのマッコリ】,出雲の地で醸された 「OMONA生マッコリ雨の日（500ml）」と 「ナチュラルマッコリ出雲（330ml）」の2本セットです。 縁結びの地として知られる出雲。 大切な人との時間や、新しい出会いに寄り添う一本としてお楽しみください。  ・20歳未満の方の飲酒は法律で禁止されています。 ・20歳未満の方への酒類の販売はいたしません。,自然由来の炭酸感と、果実を思わせるやわらかな酸味。 軽やかで飲みやすいナチュラルマッコリです。 出雲の新しいご縁の場に、気軽に楽しめる一本。 【商品情報】 品目：その他の醸造酒 原材料名：もち米（島根県雲南市産）、小麦麹（韓国産ヌルク）（小麦を含む） 内容量：330ml アルコール分：9％ 保存方法：要冷蔵 製造者：Misfits Japan合同会社 製造場：生マッコリ工房 OMONA YANGJO 製造年月：ラベル記載,True,https://mall.line.me/sb/d84e5e64/8364553
8364558,きぬさら 日本のまっこり 12本セット （500ml x 12本）,きぬさら,梅酒・果実酒,13200,13200,True,2026-02-18,2026-07-09,絹のような口どけ「きぬさら」日本のまっこり 500ml x 12本セット 初めての方にも飲みやすい、新感覚マッコリ,「きぬさら」の名前の通り、絹のように滑らかな喉ごしと口の中でさらりとほどける上品な後味が特徴の日本製マッコリです。乳酸菌由来のすっきりとした酸味で、従来のマッコリとは一線を画す洗練された味わい。マッコリが初めての方にも飲みやすく、大切な方への特別なギフトとしておすすめです。  500mlの1本あたり435億個の乳酸菌を含有しています（製造時・自社調べ）。この乳酸菌が醸し出す自然な酸味とまろやかな甘みのバランスが絶妙で、すっきりとした飲み心地を実現しました。着色料・保存料は一切使用せず、発酵由来の自然な風味をそのままお楽しみいただけます。  マッコリ研究の第一人者のもとで韓国にて4年間修行を積んだ日本人杜氏が、さらに5年の研究を重ねて完成させました。 静岡の清らかな水と愛知をはじめとした厳選国産米を使用し、本場の伝統技術を日本の素材と融合。 和食をはじめ様々なお料理との相性を追求した、こだわりの純国産マッコリです。すっきりとした酸味と微炭酸が、刺身、天ぷら、煮物などの和食はもちろん、韓国料理や中華料理とも好相性。幅広い料理シーンでお楽しみいただけます。 よく冷やしてから、開栓前にボトルを軽く上下に振ってお召し上がりください。,・名称：きぬさら 日本のまっこり ・種類：リキュール（発泡性①） ・原材料：米（国産米）・麦麹・米麹（国産）・甘味料（スクラロース）・炭酸ガス含有 ・内容量：500ml x 12本 ・アルコール度数：6度以上7度未満 ・保存方法：冷暗所保存 ・賞味期限：10ヶ月,True,https://mall.line.me/sb/d84e5e64/8364558
8364557,きぬさら 日本のまっこり 2本セット （500ml x2本）,きぬさら,梅酒・果実酒,3300,3300,True,2026-02-18,2026-07-09,絹のような口どけ「きぬさら」日本のまっこり 500ml x 2本セット 初めての方にも飲みやすい、新感覚マッコリ,「きぬさら」の名前の通り、絹のように滑らかな喉ごしと口の中でさらりとほどける上品な後味が特徴の日本製マッコリです。乳酸菌由来のすっきりとした酸味で、従来のマッコリとは一線を画す洗練された味わい。マッコリが初めての方にも飲みやすく、大切な方への特別なギフトとしておすすめです。  500mlの1本あたり435億個の乳酸菌を含有しています（製造時・自社調べ）。この乳酸菌が醸し出す自然な酸味とまろやかな甘みのバランスが絶妙で、すっきりとした飲み心地を実現しました。着色料・保存料は一切使用せず、発酵由来の自然な風味をそのままお楽しみいただけます。  マッコリ研究の第一人者のもとで韓国にて4年間修行を積んだ日本人杜氏が、さらに5年の研究を重ねて完成させました。 静岡の清らかな水と愛知をはじめとした厳選国産米を使用し、本場の伝統技術を日本の素材と融合。 和食をはじめ様々なお料理との相性を追求した、こだわりの純国産マッコリです。すっきりとした酸味と微炭酸が、刺身、天ぷら、煮物などの和食はもちろん、韓国料理や中華料理とも好相性。幅広い料理シーンでお楽しみいただけます。 よく冷やしてから、開栓前にボトルを軽く上下に振ってお召し上がりください。,・名称：きぬさら 日本のまっこり ・種類：リキュール（発泡性①） ・原材料：米（国産米）・麦麹・米麹（国産）・甘味料（スクラロース）・炭酸ガス含有 ・内容量：500ml x 2本 ・アルコール度数：6度以上7度未満 ・保存方法：冷暗所保存 ・賞味期限：10ヶ月,True,https://mall.line.me/sb/d84e5e64/8364557
8363968,ソンシギョン監修 | 韓国プレミアム生マッコリ「璄濁酒」12度 12本セット （ギョンダクシュ 500ml x 12本）,ギョン,梅酒・果実酒,39000,39000,True,2026-02-17,2026-07-09,「バラードの皇帝」ソン・シギョンが手掛けた、こだわりのプレミアム生マッコリ,韓国の国民的歌手として愛されるソン・シギョンが、音楽制作への情熱と同じこだわりを込めてプロデュースした「璄濁酒（ギョンダクシュ）」。韓国現地で発売と同時に完売続出となった話題作が、ついに日本初上陸。韓国産米100%、人工甘味料無添加で約4週間の低温熟成を経て完成する、大人のための本格派生マッコリです。  一口目に広がるのは、熟したリンゴと梨を思わせる芳醇なフルーティーさ。続いてヨーグルトのようなクリーミーな酸味とコクが口の中を満たし、フィニッシュには甘さを引きずらないドライで上品な余韻が残ります。アルコール度数12度の重厚なボディでありながら、飲み疲れしない絶妙なバランスが魅力。韓国料理はもちろん、和食やチーズとの相性も抜群です。  通常のマッコリよりも高いアルコール度数12度は、原酒に近い濃厚さの証拠です。厳選された韓国産米のみを使用し、伝統的な製法で丁寧に醸造。氷を加えても薄まりにくく、最後の一滴まで深い味わいが続きます。冷蔵庫でよく冷やし、軽く振ってから開栓してお楽しみください。  ただのお酒ではない、ストーリーと話題性を持った「璄濁酒」は、韓国ドラマやK-POPがお好きな方、本格的なお酒を楽しむ方への贈り物として最適です。洗練されたボトルデザインと確かな品質で、誕生日や記念日、「お疲れ様」の気持ちを込めた特別な一本として喜ばれます。大切な方の晩酌時間を、より優雅で印象深いものに変える逸品です。,【商品情報】 • 商品名: 璄濁酒（ギョンダクシュ）プレミアム生マッコリ • 品目: 清酒 • アルコール度数: 12度 • 原材料: 米（韓国産100%）、精製水、麹（小麦含む）、酵母、酸度調整剤 • 内容量: 500ml × 12本 • 保存方法: 常温保存可（冷蔵 0～10℃ 推奨） • 賞味期限: 商品ラベルに記載（製造日から1年) 【ご注意】 ※本製品は小麦を含みます。アレルギーをお持ちの方はご注意ください ※開栓後はお早めにお召し上がりください ※原料由来の成分が沈殿することがありますが、品質には問題ありません,True,https://mall.line.me/sb/d84e5e64/8363968
8363910,ソンシギョン監修 | 韓国プレミアム生マッコリ「璄濁酒」12度 （ギョンダクシュ 500ml）,ギョン,梅酒・果実酒,3900,3900,True,2026-02-16,2026-07-09,「バラードの皇帝」ソン・シギョンが手掛けた、こだわりのプレミアム生マッコリ,韓国の国民的歌手として愛されるソン・シギョンが、音楽制作への情熱と同じこだわりを込めてプロデュースした「璄濁酒（ギョンダクシュ）」。韓国現地で発売と同時に完売続出となった話題作が、ついに日本初上陸。韓国産米100%、人工甘味料無添加で約4週間の低温熟成を経て完成する、大人のための本格派生マッコリです。  一口目に広がるのは、熟したリンゴと梨を思わせる芳醇なフルーティーさ。続いてヨーグルトのようなクリーミーな酸味とコクが口の中を満たし、フィニッシュには甘さを引きずらないドライで上品な余韻が残ります。アルコール度数12度の重厚なボディでありながら、飲み疲れしない絶妙なバランスが魅力。韓国料理はもちろん、和食やチーズとの相性も抜群です。  通常のマッコリよりも高いアルコール度数12度は、原酒に近い濃厚さの証拠です。厳選された韓国産米のみを使用し、伝統的な製法で丁寧に醸造。氷を加えても薄まりにくく、最後の一滴まで深い味わいが続きます。冷蔵庫でよく冷やし、軽く振ってから開栓してお楽しみください。  ただのお酒ではない、ストーリーと話題性を持った「璄濁酒」は、韓国ドラマやK-POPがお好きな方、本格的なお酒を楽しむ方への贈り物として最適です。洗練されたボトルデザインと確かな品質で、誕生日や記念日、「お疲れ様」の気持ちを込めた特別な一本として喜ばれます。大切な方の晩酌時間を、より優雅で印象深いものに変える逸品です。,【商品情報】 • 商品名: 璄濁酒（ギョンダクシュ）プレミアム生マッコリ • 品目: 清酒 • アルコール度数: 12度 • 原材料: 米（韓国産100%）、精製水、麹（小麦含む）、酵母、酸度調整剤 • 内容量: 500ml × 1本 • 保存方法: 常温保存可（冷蔵 0～10℃ 推奨） • 賞味期限: 商品ラベルに記載 （製造日から1年) 【ご注意】 ※本製品は小麦を含みます。アレルギーをお持ちの方はご注意ください ※開栓後はお早めにお召し上がりください ※原料由来の成分が沈殿することがありますが、品質には問題ありません,True,https://mall.line.me/sb/d84e5e64/8363910
8363908,高級マッコリ12本セット 福順都家紅白マッコリ（白・ピンク 各935ml）【韓国 ボクソンドガ】,福順都家,梅酒・果実酒,36000,36000,True,2026-02-16,2026-07-09,福順都家の人気マッコリ2種を楽しむ12本セット,韓国を代表するプレミアムマッコリブランド 福順都家（ボクスンドガ）の定番商品を詰め合わせた12本セットです。 ＜セット内容＞ ・福順都家 手造りマッコリ（白）935ml × 6本 ・福順都家 赤米マッコリ（ピンク）935ml × 6本  良質な麹と韓国産米を使用し、伝統製法で丁寧に発酵。 粒子がきめ細かく、なめらかな口当たりが特長です。 穀物由来のやさしい旨味と、すっきりした後味が楽しめます。  韓国産米に赤米（紅麹米）を加えて発酵。 淡い赤色と穏やかな穀物の香りが特長です。 軽やかな飲み口で、白とは異なる風味を楽しめます。  ・20歳未満の方の飲酒は法律で禁止されています。 ・20歳未満の方への酒類の販売はいたしません。  福順都家は、韓国・蔚山の自然豊かな土地で生まれたマッコリの醸造所です。 米が育ち、酒が息づく場所で、人と自然の調和を大切にしながら酒造りを続けています。 良質な国産米を厳選し、昔ながらの製法を守りながら、時間と手間を惜しまず仕込みます。 発酵の様子に耳を澄ませ、酒が生きていることを感じ取りながら、ひとつひとつ丁寧に向き合っています。 福順都家が目指すのは、派手さではなく、飲む人の心に静かに残る味わい。 受け継がれてきた知恵と真心を大切に、今日も変わらぬ姿勢でマッコリを造り続けています。,・酒類区分：濁酒（マッコリ） ・アルコール分：各 6.5％ ・内容量：各 935ml ・原材料 - 手造りマッコリ（白）：精製水、米（韓国産）、麹（小麦）、水飴、砂糖、アスパルテーム（甘味料・フェニルアラニン含有） - 赤米マッコリ（赤）：精製水、米（韓国産）、麹（小麦）、赤米（紅麹米）、水飴、砂糖、スクラロース（甘味料） ・原産国：韓国 ・賞味期限：容器に記載（製造日から3ヶ月) ・保存方法：10℃以下で冷蔵保存してください。,True,https://mall.line.me/sb/d84e5e64/8363908
8360815,【soon】プレミアム マッコリ 12本セット （500ml x 12本）,soon,梅酒・果実酒,33000,33000,True,2026-02-12,2026-07-09,韓国プレミアムクラフトマッコリ「soon」,米・水・麹・酵素のみを使い、 人工甘味料は一切使用しておりません。 自然な発酵作用によって作られているので健康にも美容にもいいお酒です。 フレッシュ感や、奥深いコク、さっぱりとした甘みが特徴です。  ・容量：500ml x 12本 ・アルコール度数：6％ ・原産国：韓国 ・原材料：米・水・麹・酵素,,True,https://mall.line.me/sb/d84e5e64/8360815
8356006,クラフト生マッコリ（700ml） 上質なプレミアム国産生マッコリ【ホワイトマンデー】,WhiteMonday,梅酒・果実酒,3980,3980,False,2026-02-07,2026-07-09,プレミアムクラフト生マッコリ 「White Monday」（ホワイトマンデー),真っ白な月曜日のように、静かに気持ちを整える一杯。 大切な人と囲む食卓や、ひとりで過ごす時間にも。その時々の気分やシーンに合わせて、表情の違いを感じられる一本。すっとした印象の日も、やわらかく落ち着いた時間にも、無理なく寄り添うナチュラルなクラフト生マッコリです。  特別な日の乾杯にも、 なにげない一日の終わりにも。 飲む人の時間に静かに寄り添う存在であることを大切にしています。  ・飲酒は20歳になってからお楽しみください。 ・20歳未満の方の飲酒は法律で禁止されています。 ・要冷蔵（5℃以下） 本商品は非加熱の生マッコリです。必ず冷蔵庫で、立てた状態で保存してください。 ・特殊キャップについて 炭酸が少しずつ抜ける構造のキャップを使用しています。横倒しでの保管は液漏れの原因となりますのでご注意ください。 ・開栓時のご注意 一気にキャップを開けると吹き出すおそれがあります。キャップを少しずつ緩めながら、ゆっくりと開けてください。 ・沈殿物について 底に沈殿物が見られる場合がありますが、原料由来の自然なものです。振らずに、ボトルをやさしく回して整えてください。 ・開栓後は、お早めにお召し上がりください。 ・直射日光の当たる場所や高温多湿の場所を避け、お子様の手の届かない場所で保管してください。,・アルコール度数：6.5度以上6.9度以下 ・賞味期限：フレッシュな味わいをお好みの方は、1ヶ月以内を目安に。 味の変化を楽しみたい方は、3ヶ月以内を目安に、 お好みのタイミングでお召し上がりください。 ・原産国：日本 ・製造場：芝山醸造 後藤 英毅（千葉県山武郡芝山町） ・販売者：株式会社ジンジャービーチイン（神奈川県逗子市） 【原材料名】 米（千葉県産コシヒカリ）、小麦麹、イースト、クエン酸 【お召し上がり方法】 冷蔵庫でしっかりと冷やしてお楽しみください。 注ぎたては、発酵由来の香りが立つことがあります。 グラスを軽く回し、空気に触れさせることで、 香りや味わいの変化をゆるやかにお楽しみいただけます。,True,https://mall.line.me/sb/d84e5e64/8356006
8356007,クラフト生マッコリ 2本ギフトセット（700ml×2）上質なプレミアム国産生マッコリ【ホワイトマンデー】,WhiteMonday,梅酒・果実酒,8900,8900,False,2026-02-07,2026-07-09,プレミアムクラフト生マッコリ 「White Monday」（ホワイトマンデー),真っ白な月曜日のように、静かに気持ちを整える一杯。 大切な人と囲む食卓や、ひとりで過ごす時間にも。その時々の気分やシーンに合わせて、表情の違いを感じられる一本。すっとした印象の日も、やわらかく落ち着いた時間にも、無理なく寄り添うナチュラルなクラフト生マッコリです。  特別な日の乾杯にも、 なにげない一日の終わりにも。 飲む人の時間に静かに寄り添う存在であることを大切にしています。  ・飲酒は20歳になってからお楽しみください。 ・20歳未満の方の飲酒は法律で禁止されています。 ・要冷蔵（5℃以下） 本商品は非加熱の生マッコリです。必ず冷蔵庫で、立てた状態で保存してください。 ・特殊キャップについて 炭酸が少しずつ抜ける構造のキャップを使用しています。横倒しでの保管は液漏れの原因となりますのでご注意ください。 ・開栓時のご注意 一気にキャップを開けると吹き出すおそれがあります。キャップを少しずつ緩めながら、ゆっくりと開けてください。 ・沈殿物について 底に沈殿物が見られる場合がありますが、原料由来の自然なものです。振らずに、ボトルをやさしく回して整えてください。 ・開栓後は、お早めにお召し上がりください。 ・直射日光の当たる場所や高温多湿の場所を避け、お子様の手の届かない場所で保管してください。,・アルコール度数：6.5度以上6.9度以下 ・賞味期限：フレッシュな味わいをお好みの方は、1ヶ月以内を目安に。 味の変化を楽しみたい方は、3ヶ月以内を目安に、 お好みのタイミングでお召し上がりください。 ・原産国：日本 ・製造場：芝山醸造 後藤 英毅（千葉県山武郡芝山町） ・販売者：株式会社ジンジャービーチイン（神奈川県逗子市） 【原材料名】 米（千葉県産コシヒカリ）、小麦麹、イースト、クエン酸 【お召し上がり方法】 冷蔵庫でしっかりと冷やしてお楽しみください。 注ぎたては、発酵由来の香りが立つことがあります。 グラスを軽く回し、空気に触れさせることで、 香りや味わいの変化をゆるやかにお楽しみいただけます。,True,https://mall.line.me/sb/d84e5e64/8356007
8350072,【ブラントン】ストレートフロムザバレル プレミアムバーボンウィスキー （700ml）,,洋酒,33000,33000,False,2026-01-31,2026-07-09,Blanton's STRAIGHT FROM THE BARREL (ブラントン ストレート フロム ザ バレル),完全無加水の樽出しバーボン フロムザバレルのボトリングは単一の樽から樽出しの状態です。 加水及びフィルターも一切使用せずに機出しの味わいそのものを封じ込めています。 アルコール度は樽により違い約63～68度と、これまで「度数が一番高いパーボン」といわれるブッカーズの63～64度凌ぐアルコール度数。  色は赤っぽい琥珀。 メロン、バナナ、皮製品、レモンと、アルコールが強いが優雅な香り。 ふわっとした、バーボンの香ばしさが鼻をすぎると強烈なアタックが舌に伝わり、後味は長くバニラ感もでてきます。 芳醇でパワフルな味わいのパーポンです。 世界で最も歴史と権威のある酒類のコンペティションIWSC2008において金賞、米国最大の国際酒類大会SWSC2011で特別金賞を受賞。  ブラントンは1984年、ケンタッキー州フランクフォート市の市制200周年を記念して誕生しました。 ブラントンの名は、エンシェントエイジ社の蒸溜所に40年間勤め「ディーン・オブ・ケンタッキー＝ケンタッキーの長老」と称されたバーボン造りの名人アルバート・ブラントン大佐に由来。そして、彼の精神と技術を継承した愛弟子、エルマー・T・リーが師への敬意を込めて世に送り出しました。 ブラントンの誕生によってひとつの樽からのみボトリングするシングルバレルという新しい価値観が生まれ、ブレンドが主流だったバーボン界に革新をもたらしました。その卓越した技術と伝統は現在へと受け継がれ、シングルバレルというボトル一本一本に異なる個性が宿る唯一無二の味わいを守り続けています。  ・この商品はお酒です。２０歳未満の飲酒は法律で禁止されています。 ・２０歳未満の者への酒類の販売はいたしません。,,True,https://mall.line.me/sb/d84e5e64/8350072
8340064,高級マッコリ2本セット 福順都家紅白マッコリ（白・ピンク 各935ml）【韓国 ボクソンドガ】誕生日,福順都家,梅酒・果実酒,5900,5900,True,2026-01-26,2026-07-09,福順都家の人気マッコリ2種を楽しむセット,韓国を代表するプレミアムマッコリブランド 福順都家（ボクスンドガ）の定番商品を詰め合わせた2本セットです。 ＜セット内容＞ ・福順都家 手造りマッコリ（白）935ml × 1本 ・福順都家 赤米マッコリ（ピンク）935ml × 1本  良質な麹と韓国産米を使用し、伝統製法で丁寧に発酵。 粒子がきめ細かく、なめらかな口当たりが特長です。 穀物由来のやさしい旨味と、すっきりした後味が楽しめます。  韓国産米に赤米（紅麹米）を加えて発酵。 淡い赤色と穏やかな穀物の香りが特長です。 軽やかな飲み口で、白とは異なる風味を楽しめます。  ・20歳未満の方の飲酒は法律で禁止されています。 ・20歳未満の方への酒類の販売はいたしません。  福順都家は、韓国・蔚山の自然豊かな土地で生まれたマッコリの醸造所です。 米が育ち、酒が息づく場所で、人と自然の調和を大切にしながら酒造りを続けています。 良質な国産米を厳選し、昔ながらの製法を守りながら、時間と手間を惜しまず仕込みます。 発酵の様子に耳を澄ませ、酒が生きていることを感じ取りながら、ひとつひとつ丁寧に向き合っています。 福順都家が目指すのは、派手さではなく、飲む人の心に静かに残る味わい。 受け継がれてきた知恵と真心を大切に、今日も変わらぬ姿勢でマッコリを造り続けています。,・酒類区分：濁酒（マッコリ） ・アルコール分：各 6.5％ ・内容量：各 935ml ・原材料 - 手造りマッコリ（白）：精製水、米（韓国産）、麹（小麦）、水飴、砂糖、アスパルテーム（甘味料・フェニルアラニン含有） - 赤米マッコリ（赤）：精製水、米（韓国産）、麹（小麦）、赤米（紅麹米）、水飴、砂糖、スクラロース（甘味料） ・原産国：韓国 ・賞味期限：容器に記載（製造日から3ヶ月) ・保存方法：10℃以下で冷蔵保存してください。,True,https://mall.line.me/sb/d84e5e64/8340064
8340065,高級マッコリ 福順都家 手造りマッコリ（白）935ml【韓国 ボクソンドガ】誕生日,福順都家,梅酒・果実酒,3600,3600,True,2026-01-26,2026-07-09,韓国を代表するプレミアムマッコリ 福順都家（ボクスンドガ）の定番商品、手造りマッコリ（白）,良質な麹と韓国産米を使用し、伝統的な製法で丁寧に発酵。 粒子が非常にきめ細かく、なめらかな口当たりが特長です。 マッコリ特有の重さが少なく、穀物由来のやさしい旨味と、すっきりとした後味を楽しめます。  ・本商品は酒類です。 ・20歳未満の方の飲酒は法律で禁止されています。 ・20歳未満の方への酒類の販売はいたしません。 ・妊娠中・授乳期の飲酒はお控えください。 ・酒類の特性上、お客様都合による返品・交換はお受けできません。 ・商品破損・誤配送の場合は、商品到着後速やかにご連絡ください。  福順都家（ボクソンドガ）は、韓国・蔚山の自然豊かな土地で生まれたマッコリの醸造所です。 米が育ち、酒が息づく場所で、人と自然の調和を大切にしながら酒造りを続けています。 良質な国産米を厳選し、昔ながらの製法を守りながら、時間と手間を惜しまず仕込みます。 発酵の様子に耳を澄ませ、酒が生きていることを感じ取りながら、ひとつひとつ丁寧に向き合っています。 福順都家が目指すのは、派手さではなく、飲む人の心に静かに残る味わい。 受け継がれてきた知恵と真心を大切に、今日も変わらぬ姿勢でマッコリを造り続けています。,・酒類区分：濁酒（マッコリ） ・アルコール分：6.5％ ・内容量：935ml ・原材料：精製水、米（韓国産）、麹（小麦）、水飴、砂糖、アスパルテーム（甘味料・フェニルアラニン含有） ・原産国：韓国 ・賞味期限：容器に記載（製造日から3ヶ月) ・保存方法：10℃以下で冷蔵保存してください。,True,https://mall.line.me/sb/d84e5e64/8340065
8340066,高級マッコリ福順都家 赤米マッコリ（ピンク）935ml 【韓国 ボクソンドガ】,福順都家,梅酒・果実酒,3600,3600,True,2026-01-26,2026-07-09,韓国を代表するプレミアムマッコリ 福順都家（ボクスンドガ）の人気商品、赤米マッコリ（ピンク）,国産米に赤米（紅麹米）を加えて発酵させたマッコリです。 淡い赤色の美しい外観と、穏やかな穀物の香りが感じられます。 軽やかな飲み口で、白とは異なる風味をお楽しみいただけます。  ・本商品は酒類です。 ・20歳未満の方の飲酒は法律で禁止されています。 ・20歳未満の方への酒類の販売はいたしません。 ・妊娠中・授乳期の飲酒はお控えください。 ・酒類の特性上、お客様都合による返品・交換はお受けできません。 ・商品破損・誤配送の場合は、商品到着後速やかにご連絡ください。  福順都家（ボクソンドガ）は、韓国・蔚山の自然豊かな土地で生まれたマッコリの醸造所です。 米が育ち、酒が息づく場所で、人と自然の調和を大切にしながら酒造りを続けています。 良質な国産米を厳選し、昔ながらの製法を守りながら、時間と手間を惜しまず仕込みます。 発酵の様子に耳を澄ませ、酒が生きていることを感じ取りながら、ひとつひとつ丁寧に向き合っています。 福順都家が目指すのは、派手さではなく、飲む人の心に静かに残る味わい。 受け継がれてきた知恵と真心を大切に、今日も変わらぬ姿勢でマッコリを造り続けています。,・酒類区分：濁酒（マッコリ） ・アルコール分：6.5％ ・内容量：935ml ・原材料：精製水、米（韓国産）、麹（小麦）、赤米（紅麹米）、水飴、砂糖、スクラロース（甘味料） ・原産国：韓国 ・賞味期限：容器に記載（製造日から3ヶ月) ・保存方法：10℃以下で冷蔵保存してください。,True,https://mall.line.me/sb/d84e5e64/8340066
8327785,定番人気ウォッカ|Van Gogh VODKA（ヴァンゴッホ）ミニ3本ギフトセット（各50ml）,VanGoghVODKA,洋酒,3500,3500,True,2026-01-21,2026-07-09,人気の3種のフルーツ・フレーヴァーのミニ・ウォッカ・セット。,【シトラス・ウォッカ】レモン風味で世界最高評価の五つ星ヴァンゴッホ・ウォッカの味を楽しめるシトラス。 【メロン・ウォッカ】ミニボトル一本あたりに高級赤肉系のカンタロープ種マスク・メロンを1.5個も贅沢に使用したメロンそのものの味と香りのメロン。 【スーパーベリー・ウォッカ】3種のベリーが楽しめるスーパーベリー。  ・この商品はお酒です。２０歳未満の飲酒は法律で禁止されています。 ・２０歳未満の者への酒類の販売はいたしません。  Van Gogh VODKAは、196年にわたり蒸留酒を造り続け、オランダのベアトリクス女王より“ロイヤル”の称号を授かった世界の名門蒸留所が並ぶスキーダム市のロイヤルディルクズワーヘル蒸留所で小バッチ製造の元祖クラフトウォッカです。 東京・銀座および浅草では、 Van Gogh VODKAの世界観を体感いただける 「ヴァン・ゴッホ・ウォッカ銀座 Bar」にて、 ウォッカやオリジナルカクテルをご提供しております。 機会がございましたら、ぜひご来店ください。,・容量：50ml×３ ・アルコール度数：40度/35度 ・賞味期限：なし ・製造元/原産国：オランダ,True,https://mall.line.me/sb/d84e5e64/8327785
8327786,ホリデーウォッカギフト|Van Gogh VODKA（ヴァンゴッホ）ミニ3本セット（各50ml）,VanGoghVODKA,洋酒,3500,3500,True,2026-01-21,2026-07-09,ホリデーの贈り物用にのフレーヴァーウォッカのミニ・ボトル・セット,チョコレート・フレーヴァーのリッチダーク・チョコレート・ウォッカは世界最高ランクの五つ星評価。 そしてもうひとつ五つ星評価のダブルエスプレッソ・ウォッカにバナナ・ウォッカと、人気のウォッカをセットにしました。 ・セット構成 【リッチダーク・チョコレート・ウォッカ】 【ダブルエスプレッソ・ウォッカ】 【バナナ・ウォッカ】  ・この商品はお酒です。２０歳未満の飲酒は法律で禁止されています。 ・２０歳未満の者への酒類の販売はいたしません。  Van Gogh VODKAは、196年にわたり蒸留酒を造り続け、オランダのベアトリクス女王より“ロイヤル”の称号を授かった世界の名門蒸留所が並ぶスキーダム市のロイヤルディルクズワーヘル蒸留所で小バッチ製造の元祖クラフトウォッカです。 東京・銀座および浅草では、 Van Gogh VODKAの世界観を体感いただける 「ヴァン・ゴッホ・ウォッカ銀座 Bar」にて、 ウォッカやオリジナルカクテルをご提供しております。 機会がございましたら、ぜひご来店ください。,・容量：50ml×３ ・アルコール度数：40度/35度 ・賞味期限：なし ・製造元/原産国：オランダ,True,https://mall.line.me/sb/d84e5e64/8327786
8317926,soon 韓国プレミアムマッコリ 1本（500ml）ギフトラッピング付き 誕生日,soon,梅酒・果実酒,3500,3500,True,2026-01-09,2026-07-09,韓国プレミアムクラフトマッコリ「soon」,米・水・麹・酵素のみを使い、 人工甘味料は一切使用しておりません。 自然な発酵作用によって作られているので健康にも美容にもいいお酒です。 フレッシュ感や、奥深いコク、さっぱりとした甘みが特徴です。  ・容量：500ml ・アルコール度数：6％ ・原産国：韓国 ・原材料：米・水・麹・酵素,,True,https://mall.line.me/sb/d84e5e64/8317926
8317930,【soon】プレミアム マッコリ 2本セット （500ml x 2本）,soon,梅酒・果実酒,6000,6000,True,2026-01-09,2026-07-09,韓国プレミアムクラフトマッコリ「soon」,米・水・麹・酵素のみを使い、 人工甘味料は一切使用しておりません。 自然な発酵作用によって作られているので健康にも美容にもいいお酒です。 フレッシュ感や、奥深いコク、さっぱりとした甘みが特徴です。  ・容量：500ml x 2本 ・アルコール度数：6％ ・原産国：韓国 ・原材料：米・水・麹・酵素,,True,https://mall.line.me/sb/d84e5e64/8317930
8312041,【soon】プレミアム マッコリ ギフトセット （クラフトマッコリsoon 2本 + オリジナルカップ 2個セット）,soon,梅酒・果実酒,12000,12000,True,2026-01-08,2026-07-09,韓国プレミアムクラフトマッコリギフトセット,米・水・麹・酵素のみを使い、 人工甘味料は一切使用しておりません。 自然な発酵作用によって作られているので健康にも美容にもいいお酒です。 フレッシュ感や、奥深いコク、さっぱりとした甘みが特徴です。 専用のカップとsoonが二つずつセットになっています。 ギフトにぴったりなセットです。 ・クラフトマッコリsoon 2本 + オリジナルカップ 2個セット  ・容量：500ml/瓶 ・アルコール度数：6％ ・原産国：韓国 ・原材料：米・水・麹・酵素,,True,https://mall.line.me/sb/d84e5e64/8312041
